Q_fixed_val,Max_T_water
3000.0,89.0295029164703
3100.0,89.21620654347247
3200.0,89.34496670846285
3300.0,89.52923882132066
3400.0,89.5754564121333
3500.0,89.70487954794248
3600.0,89.72465972649726
3700.0,
3800.0,
3900.0,
