Q_fixed_val,Max_T_water
3.0,89.0295029164703
3.1,89.21620654347247
3.2,89.34496670846285
3.3,89.52923882132066
3.4,89.5754564121333
3.5,89.70487954794248
3.6,89.72465972649726
3.7,
3.8,
3.9,
