fluid,diameter,T_on,T_off,power_needed_kWh,num_cycles,heatup_time_min
Isobutane,45,86.20000000000002,89.40000000000003,38.4959595619073,61,36.4
Isobutene,45,86.20000000000002,89.20000000000003,38.60561452453049,61,36.11666666666667
DimethylEther,35,86.40000000000002,89.60000000000004,38.617733554148394,61,36.68333333333333
DimethylEther,40,86.60000000000002,89.40000000000003,38.9511899812855,61,36.4
DimethylEther,45,86.60000000000002,89.40000000000003,38.9511899812855,61,36.4
Isobutane,35,86.80000000000003,89.60000000000004,38.964245492129436,61,36.68333333333333
Isobutane,40,86.80000000000003,89.40000000000003,39.24377018773301,61,36.4
Butane,40,86.80000000000003,89.40000000000003,39.24377018773301,61,36.4
